Artur Skrzeta,test.test@mail.com
Artur Skrzeta,test.test@mail.com
Artur Skrzeta,test.test@mail.com
Artur Skrzeta,test.test@mail.com
Artur Skrzeta,test.test@mail.com
Artur Skrzeta,test.test@mail.com
Artur Skrzeta,test.test@mail.com
Artur Skrzeta,test.test@mail.com
Artur Skrzeta,test.test@mail.com
Artur Skrzeta,test.test@mail.com
Artur Skrzeta,test.test@mail.com
Artur Skrzeta,test.test@mail.com
Artur Skrzeta,test.test@mail.com
Artur Skrzeta,test.test@mail.com
Artur Skrzeta,test.test@mail.com
Artur Skrzeta,test.test@mail.com
Artur Skrzeta,test.test@mail.com
Artur Skrzeta,test.test@mail.com
Artur Skrzeta,test.test@mail.com
Artur Skrzeta,test.test@mail.com
Artur Skrzeta,test.test@mail.com
Artur Skrzeta,test.test@mail.com
Artur Skrzeta,test.test@mail.com
Artur Skrzeta,test.test@mail.com
Artur Skrzeta,test.test@mail.com
Artur Skrzeta,test.test@mail.com
Artur Skrzeta,test.test@mail.com
Artur Skrzeta,test.test@mail.com
Artur Skrzeta,test.test@mail.com
Artur Skrzeta,test.test@mail.com
Artur Skrzeta,test.test@mail.com
Artur Skrzeta,test.test@mail.com
Artur Skrzeta,test.test@mail.com
Artur Skrzeta,test.test@mail.com
Artur Skrzeta,test.test@mail.com
Artur Skrzeta,test.test@mail.com
Artur Skrzeta,test.test@mail.com
Artur Skrzeta,test.test@mail.com
Artur Skrzeta,test.test@mail.com
Artur Skrzeta,test.test@mail.com
Artur Skrzeta,test.test@mail.com
Artur Skrzeta,test.test@mail.com
Artur Skrzeta,test.test@mail.com
Artur Skrzeta,test.test@mail.com
Artur Skrzeta,test.test@mail.com
Artur Skrzeta,test.test@mail.com
Artur Skrzeta,test.test@mail.com
Artur Skrzeta,test.test@mail.com
Artur Skrzeta,test.test@mail.com
Artur Skrzeta,test.test@mail.com
Artur Skrzeta,test.test@mail.com
Artur Skrzeta,test.test@mail.com
Artur Skrzeta,test.test@mail.com
Artur Skrzeta,test.test@mail.com
Artur Skrzeta,test.test@mail.com
Artur Skrzeta,test.test@mail.com
Artur Skrzeta,test.test@mail.com
Artur Skrzeta,test.test@mail.com
Artur Skrzeta,test.test@mail.com
Artur Skrzeta,test.test@mail.com
